{
  "threshold": 0.609956381147131,
  "accuracy_floor": 0.9,
  "cv_score": 0.8379120879120879
}